SET DATEFORMAT MDY
--- TABLE HOCSINH (50)
INSERT INTO HOCSINH(MaHS,HoTen,GioiTinh,NgSinh,DiaChi,Email) VALUES ('HS000001',N'Phạm Thị Na',N'Nam','7/22/2007',N'Hồ Chí Minh',N'dth_bkpro_2010@yahoo.com');
INSERT INTO HOCSINH(MaHS,HoTen,GioiTinh,NgSinh,DiaChi,Email) VALUES ('HS000002',N'Dương Thị Ngọc Na',N'Nữ','5/19/2007',N'Bến Tre',N'pzcuonguit@gmail.com');
INSERT INTO HOCSINH(MaHS,HoTen,GioiTinh,NgSinh,DiaChi,Email) VALUES ('HS000003',N'Lê Khánh Châu',N'Nữ','7/16/2002',N'Nha Trang',N'20521125@gm.uit.edu.vn');
INSERT INTO HOCSINH(MaHS,HoTen,GioiTinh,NgSinh,DiaChi,Email) VALUES ('HS000004',N'Phạm Quốc Cường',N'Nam','10/24/2002',N'Bến Tre',N'cuongpz@gmail.com');
INSERT INTO HOCSINH(MaHS,HoTen,GioiTinh,NgSinh,DiaChi,Email) VALUES ('HS000005',N'Nguyễn Trần Lĩnh Đạt',N'Nam','1/16/2007',N'Nha Trang',N'20521173@gm.uit.edu.vn');
INSERT INTO HOCSINH(MaHS,HoTen,GioiTinh,NgSinh,DiaChi,Email) VALUES ('HS000006',N'Nguyễn Trần Thị Đạt',N'Nữ','1/10/2022',N'Bến Tre',N'dattran@gmail.com');
INSERT INTO HOCSINH(MaHS,HoTen,GioiTinh,NgSinh,DiaChi,Email) VALUES ('HS000007',N'Dương Thị Ngọc Na',N'Nữ','12/27/2021',N'Hồ Chí Minh',N'pzcuonguit@gmail.com');
INSERT INTO HOCSINH(MaHS,HoTen,GioiTinh,NgSinh,DiaChi,Email) VALUES ('HS000008',N'Lê Hoàng Thiên Trực',N'Nam','7/15/2002',N'Bến Tre',N'20521362@gmail.com');
INSERT INTO HOCSINH(MaHS,HoTen,GioiTinh,NgSinh,DiaChi,Email) VALUES ('HS000009',N'Trần Võ Tấn Cẩm',N'Nam','7/7/2002',N'Tây Ninh',N'20521363@gmail.com');
INSERT INTO HOCSINH(MaHS,HoTen,GioiTinh,NgSinh,DiaChi,Email) VALUES ('HS000010',N'Trần Vĩnh Thụy',N'Nam','9/9/2002',N'Cà Mau',N'20521363@gmail.com');
INSERT INTO HOCSINH(MaHS,HoTen,GioiTinh,NgSinh,DiaChi,Email) VALUES ('HS000011',N'Nguyễn Tấn Tạ',N'Nam','6/7/2002',N'Quảng Ngãi',N'20521365@gmail.com');
INSERT INTO HOCSINH(MaHS,HoTen,GioiTinh,NgSinh,DiaChi,Email) VALUES ('HS000012',N'Trần Tạ Yến Ký Lô',N'Nam','1/1/2002',N'Độc Lạ Bình Dương',N'20521366@gmail.com');
INSERT INTO HOCSINH(MaHS,HoTen,GioiTinh,NgSinh,DiaChi,Email) VALUES ('HS000013',N'Nguyễn Tạ Tấn Yến Ký Lô',N'Nam','7/2/2002',N'Ninh Bình',N'20521367@gmail.com');
INSERT INTO HOCSINH(MaHS,HoTen,GioiTinh,NgSinh,DiaChi,Email) VALUES ('HS000014',N'Trần Đặng Lĩnh Đạt',N'Nam','2/3/2002',N'Bến Tre',N'20521369@gmai.com');
INSERT INTO HOCSINH(MaHS,HoTen,GioiTinh,NgSinh,DiaChi,Email) VALUES ('HS000015',N'Tăng Kiến Trúc',N'Nam','2/3/2001',N'Cần Thơ',N'20521370@gmail.com');
INSERT INTO HOCSINH(MaHS,HoTen,GioiTinh,NgSinh,DiaChi,Email) VALUES ('HS000016',N'Trần Hạo Nam',N'Nam','3/3/2001',N'Phú Yên',N'20521371@gmail.com');
INSERT INTO HOCSINH(MaHS,HoTen,GioiTinh,NgSinh,DiaChi,Email) VALUES ('HS000017',N'Lều Ngọc An',N'Nam','10/6/2002',N'Bình Dương',N'20521372@gmail.com');
INSERT INTO HOCSINH(MaHS,HoTen,GioiTinh,NgSinh,DiaChi,Email) VALUES ('HS000018',N'Nguyễn Ngọc Trâm Anh',N'Nữ','10/6/2002',N'Bình Dương',N'20521373@gmail.com');
INSERT INTO HOCSINH(MaHS,HoTen,GioiTinh,NgSinh,DiaChi,Email) VALUES ('HS000019',N'Phạm Việt Anh',N'Nam','6/10/2002',N'Hồ Chí Minh',N'20521374@gmail.com');
INSERT INTO HOCSINH(MaHS,HoTen,GioiTinh,NgSinh,DiaChi,Email) VALUES ('HS000020',N'Bùi Thị Quỳnh Anh',N'Nữ','6/10/2002',N'Đồng Tháp',N'20521375@gmail.com');
INSERT INTO HOCSINH(MaHS,HoTen,GioiTinh,NgSinh,DiaChi,Email) VALUES ('HS000021',N'Vũ Đức Anh',N'Nam','6/10/2002',N'Đồng Nai',N'20521376@gmail.com');
INSERT INTO HOCSINH(MaHS,HoTen,GioiTinh,NgSinh,DiaChi,Email) VALUES ('HS000022',N'Nguyễn Phùng Linh Chi',N'Nữ','6/10/2002',N'Cà Mau',N'20521377@gmail.com');
INSERT INTO HOCSINH(MaHS,HoTen,GioiTinh,NgSinh,DiaChi,Email) VALUES ('HS000023',N'Dương Mỹ Dung',N'Nữ','6/10/2002',N'Kiên Giang',N'20521378@gmail.com');
INSERT INTO HOCSINH(MaHS,HoTen,GioiTinh,NgSinh,DiaChi,Email) VALUES ('HS000024',N'Nguyễn Mạnh Duy',N'Nam','6/10/2002',N'Tiền Giang',N'20521379@gmail.com');
INSERT INTO HOCSINH(MaHS,HoTen,GioiTinh,NgSinh,DiaChi,Email) VALUES ('HS000025',N'Nguyễn Hữu Minh Hoàng',N'Nam','6/10/2002',N'Long An',N'20521380@gmail.com');
INSERT INTO HOCSINH(MaHS,HoTen,GioiTinh,NgSinh,DiaChi,Email) VALUES ('HS000026',N'Nguyễn Huy Hoàng',N'Nam','6/10/2002',N'Hậu Giang',N'20521381@gmail.com');
INSERT INTO HOCSINH(MaHS,HoTen,GioiTinh,NgSinh,DiaChi,Email) VALUES ('HS000027',N'Lê Duy Khiêm',N'Nam','6/10/2002',N'Huế',N'20521382@gmail.com');
INSERT INTO HOCSINH(MaHS,HoTen,GioiTinh,NgSinh,DiaChi,Email) VALUES ('HS000028',N'Bùi Hải Lâm',N'Nam','6/10/2002',N'Đà Nẵng',N'20521383@gmail.com');
INSERT INTO HOCSINH(MaHS,HoTen,GioiTinh,NgSinh,DiaChi,Email) VALUES ('HS000029',N'Nguyễn Phúc Lộc',N'Nam','6/10/2002',N'Kon Tum',N'20521384@gmail.com');
INSERT INTO HOCSINH(MaHS,HoTen,GioiTinh,NgSinh,DiaChi,Email) VALUES ('HS000030',N'Nguyễn Vũ Tiến Nam',N'Nam','6/10/2002',N'Gia Lai',N'20521385@gmail.com');
INSERT INTO HOCSINH(MaHS,HoTen,GioiTinh,NgSinh,DiaChi,Email) VALUES ('HS000031',N'Lê Minh Tuấn',N'Nam','6/10/2002',N'Vũng Tàu',N'20521386@gmail.com');
INSERT INTO HOCSINH(MaHS,HoTen,GioiTinh,NgSinh,DiaChi,Email) VALUES ('HS000032',N'Dương Tất Thành',N'Nam','6/10/2002',N'Lạng Sơn',N'20521387@gmail.com');
INSERT INTO HOCSINH(MaHS,HoTen,GioiTinh,NgSinh,DiaChi,Email) VALUES ('HS000033',N'Lê Cao Thắng',N'Nam','6/10/2002',N'Yên Bái',N'20521388@gmail.com');
INSERT INTO HOCSINH(MaHS,HoTen,GioiTinh,NgSinh,DiaChi,Email) VALUES ('HS000034',N'Đỗ Minh Quân',N'Nam','6/10/2002',N'Lào Cai',N'20521389@gmail.com');
INSERT INTO HOCSINH(MaHS,HoTen,GioiTinh,NgSinh,DiaChi,Email) VALUES ('HS000035',N'Nguyễn Minh Quyền',N'Nam','6/10/2002',N'Ninh Bình',N'20521390@gmail.com');
INSERT INTO HOCSINH(MaHS,HoTen,GioiTinh,NgSinh,DiaChi,Email) VALUES ('HS000036',N'Ngô Quang Vinh',N'Nam','6/10/2002',N'Bắc Cạn',N'20521391@gmail.com');
INSERT INTO HOCSINH(MaHS,HoTen,GioiTinh,NgSinh,DiaChi,Email) VALUES ('HS000037',N'Nguyễn Gia Huy',N'Nam','6/10/2002',N'Nha Trang',N'20521392@gmail.com');
INSERT INTO HOCSINH(MaHS,HoTen,GioiTinh,NgSinh,DiaChi,Email) VALUES ('HS000038',N'Nguyễn Bình Khiêm',N'Nam','6/10/2002',N'Binh Thuận',N'20521393@gmail.com');
INSERT INTO HOCSINH(MaHS,HoTen,GioiTinh,NgSinh,DiaChi,Email) VALUES ('HS000039',N'Nguyễn Trung Sơn',N'Nam','6/10/2002',N'Bình Phước',N'20521394@gmail.com');
INSERT INTO HOCSINH(MaHS,HoTen,GioiTinh,NgSinh,DiaChi,Email) VALUES ('HS000040',N'Nguyễn Thanh Vân',N'Nữ','6/10/2002',N'Lai Châu',N'20521395@gmail.com');
INSERT INTO HOCSINH(MaHS,HoTen,GioiTinh,NgSinh,DiaChi,Email) VALUES ('HS000041',N'Nguyễn Đức Phú',N'Nam','6/10/2002',N'Vĩnh Phúc',N'20521396@gmail.com');
INSERT INTO HOCSINH(MaHS,HoTen,GioiTinh,NgSinh,DiaChi,Email) VALUES ('HS000042',N'Trần Việt Hùng',N'Nam','6/10/2002',N'Hậu Giang',N'20521397@gmail.com');
INSERT INTO HOCSINH(MaHS,HoTen,GioiTinh,NgSinh,DiaChi,Email) VALUES ('HS000043',N'Vương Đình Hào',N'Nam','6/10/2002',N'Hưng Yên',N'20521398@gmail.com');
INSERT INTO HOCSINH(MaHS,HoTen,GioiTinh,NgSinh,DiaChi,Email) VALUES ('HS000044',N'Mai Thái Dương',N'Nam','6/10/2002',N'Bình Dương',N'20521399@gmail.com');
INSERT INTO HOCSINH(MaHS,HoTen,GioiTinh,NgSinh,DiaChi,Email) VALUES ('HS000045',N'Nguyễn Hải Đăng Khoa',N'Nam','6/10/2002',N'Bình Dương',N'20521400@gmail.com');
INSERT INTO HOCSINH(MaHS,HoTen,GioiTinh,NgSinh,DiaChi,Email) VALUES ('HS000046',N'Trịnh Minh Anh',N'Nam','6/10/2002',N'Bến Tre',N'20521401@gmail.com');
INSERT INTO HOCSINH(MaHS,HoTen,GioiTinh,NgSinh,DiaChi,Email) VALUES ('HS000047',N'Nguyễn Hữu Hậu',N'Nữ','10/27/2003',N'Bến Tre',N'21020000@gm.uit.edu.vn');
INSERT INTO HOCSINH(MaHS,HoTen,GioiTinh,NgSinh,DiaChi,Email) VALUES ('HS000048',N'Võ Chơn Hứng',N'Nam','5/1/2004',N'Bình Dương',N'phucson150702@gmail.com');
INSERT INTO HOCSINH(MaHS,HoTen,GioiTinh,NgSinh,DiaChi,Email) VALUES ('HS000049',N'Lee Hoang Phuc',N'Nam','7/15/2003',N'Bình Dương',N'20521799@gmail.com');
INSERT INTO HOCSINH(MaHS,HoTen,GioiTinh,NgSinh,DiaChi,Email) VALUES ('HS000050',N'Võ Chơn Chọn',N'Nam','7/15/2003',N'Bến Tre',N'21521765@gmail.com');
INSERT INTO HOCSINH(MaHS,HoTen,GioiTinh,NgSinh,DiaChi,Email) VALUES ('HS000051',N'Lê Hoàng Na',N'Nam','7/15/2003',N'Bình Dương',N'phucson150702@gmail.com');

--- TABLE GIAOVIEN
INSERT INTO GIAOVIEN(MaGV,HoTen,NgSinh,GioiTinh,DiaChi,Email) VALUES ('20521361',N'Đỗ Hữu Khánh Hưng',N'7/15/2002','Nam',N'Nha Trang',N'20521361@gm.uit.edu.vn');
INSERT INTO GIAOVIEN(MaGV,HoTen,NgSinh,GioiTinh,DiaChi,Email) VALUES ('20521703',N'Lê Tuấn Tú',N'1/1/1990','Nam',N'Hải Dương',N'20521703@gm.uit.edu.vn');
INSERT INTO GIAOVIEN(MaGV,HoTen,NgSinh,GioiTinh,DiaChi,Email) VALUES ('20521762',N'Lê Hoàng Phúc',N'1/1/2002','Nam',N'Bình Dương',N'20521762@gmail.com');
INSERT INTO GIAOVIEN(MaGV,HoTen,NgSinh,GioiTinh,DiaChi,Email) VALUES ('20522000',N'Phạm Quốc Cường',N'10/24/2002','Nam',N'Bến Tre',N'pzcuonguit@gmail.com');
INSERT INTO GIAOVIEN(MaGV,HoTen,NgSinh,GioiTinh,DiaChi,Email) VALUES ('20522001',N'Nguyễn Bến Tre',N'5/1/1992','Nam',N'Trà Vinh',N'20522001@gmail.com');
INSERT INTO GIAOVIEN(MaGV,HoTen,NgSinh,GioiTinh,DiaChi,Email) VALUES ('20522002',N'Tú Trà Vinh',N'4/6/1990','Nam',N'Quảng Ninh',N'2052202@gmail.com');
INSERT INTO GIAOVIEN(MaGV,HoTen,NgSinh,GioiTinh,DiaChi,Email) VALUES ('20522003',N'Trinh Võ',N'7/2/2000','Nam',N'Bình Thuận',N'20522003@gmai.com');

--- TABLE KHOILOP (3)
INSERT INTO KHOILOP(MaKhoiLop,TenKhoiLop) VALUES (N'K10',N'Khối 10');
INSERT INTO KHOILOP(MaKhoiLop,TenKhoiLop) VALUES (N'K11',N'Khối 11');
INSERT INTO KHOILOP(MaKhoiLop,TenKhoiLop) VALUES (N'K12',N'Khối 12');

--- TABLE NAMHOC (3)
INSERT INTO NAMHOC(MaNam,Nam1,Nam2) VALUES ('NH2020',2019,2020);
INSERT INTO NAMHOC(MaNam,Nam1,Nam2) VALUES ('NH2021',2020,2021);
INSERT INTO NAMHOC(MaNam,Nam1,Nam2) VALUES ('NH2022',2021,2022);

--- TABLE HOCKY (2)
SET DATEFORMAT DMY
INSERT INTO HOCKY(MaHocKy,HocKy,MaNam,NgayBD,NgayKT) VALUES ('HK001',1,'NH2022','1/1/2021','1/6/2021');
INSERT INTO HOCKY(MaHocKy,HocKy,MaNam,NgayBD,NgayKT) VALUES ('HK002',2,'NH2022','6/6/2021','1/1/2022');

--- TABLE LOP
INSERT INTO LOP(MaLop,TenLop,MaHocKy,SiSo,MaKhoiLop) VALUES ('TN101',N'Tự nhiên 10.1','HK001',NULL,'K10');
INSERT INTO LOP(MaLop,TenLop,MaHocKy,SiSo,MaKhoiLop) VALUES ('TN101',N'Tự nhiên 10.1','HK002',NULL,'K10');
INSERT INTO LOP(MaLop,TenLop,MaHocKy,SiSo,MaKhoiLop) VALUES ('TN102',N'Tự nhiên 10.2','HK001',NULL,'K10');
INSERT INTO LOP(MaLop,TenLop,MaHocKy,SiSo,MaKhoiLop) VALUES ('TN102',N'Tự nhiên 10.2','HK002',NULL,'K10');
INSERT INTO LOP(MaLop,TenLop,MaHocKy,SiSo,MaKhoiLop) VALUES ('TN110',N'Tự nhiên 11.0','HK001',NULL,'K11');
INSERT INTO LOP(MaLop,TenLop,MaHocKy,SiSo,MaKhoiLop) VALUES ('TN110',N'Tự nhiên 11.0','HK002',NULL,'K11');
INSERT INTO LOP(MaLop,TenLop,MaHocKy,SiSo,MaKhoiLop) VALUES ('TN121',N'Tự nhiên 12.1','HK001',NULL,'K12');
INSERT INTO LOP(MaLop,TenLop,MaHocKy,SiSo,MaKhoiLop) VALUES ('TN121',N'Tự nhiên 12.1','HK002',NULL,'K12');
INSERT INTO LOP(MaLop,TenLop,MaHocKy,SiSo,MaKhoiLop) VALUES ('XH101',N'Xã hội 10.1','HK001',NULL,'K10');
INSERT INTO LOP(MaLop,TenLop,MaHocKy,SiSo,MaKhoiLop) VALUES ('XH101',N'Xã hội 10.1','HK002',NULL,'K10');
INSERT INTO LOP(MaLop,TenLop,MaHocKy,SiSo,MaKhoiLop) VALUES ('XH121',N'Xã hội 12.1','HK001',NULL,'K12');
INSERT INTO LOP(MaLop,TenLop,MaHocKy,SiSo,MaKhoiLop) VALUES ('XH121',N'Xã hội 12.1','HK002',NULL,'K12');
INSERT INTO LOP(MaLop,TenLop,MaHocKy,SiSo,MaKhoiLop) VALUES ('XH122',N'Xã hội 12.2','HK001',NULL,'K12');
INSERT INTO LOP(MaLop,TenLop,MaHocKy,SiSo,MaKhoiLop) VALUES ('XH122',N'Xã hội 12.2','HK002',NULL,'K12');

INSERT INTO MONHOC(MaMH,TenMH,MoTa,HeSo) VALUES ('ANH10',N'Tiếng Anh 10','Môn tự chọn',1);
INSERT INTO MONHOC(MaMH,TenMH,MoTa,HeSo) VALUES ('ANH11',N'Tiếng Anh 11','Môn tự chọn',1);
INSERT INTO MONHOC(MaMH,TenMH,MoTa,HeSo) VALUES ('ANH12',N'Tiếng Anh 12','Môn tự chọn',1);
INSERT INTO MONHOC(MaMH,TenMH,MoTa,HeSo) VALUES ('HOA10',N'Hóa 10','Môn tự chọn',1);
INSERT INTO MONHOC(MaMH,TenMH,MoTa,HeSo) VALUES ('LY10',N'Lý 10','Môn tự chọn',1);
INSERT INTO MONHOC(MaMH,TenMH,MoTa,HeSo) VALUES ('SINH10',N'Sinh 10','Môn tự chọn',1);
INSERT INTO MONHOC(MaMH,TenMH,MoTa,HeSo) VALUES ('TOAN10',N'Toán 10','Môn tự nhiên',2);
INSERT INTO MONHOC(MaMH,TenMH,MoTa,HeSo) VALUES ('TOAN11',N'Toán 11','Môn tự nhiên',2);
INSERT INTO MONHOC(MaMH,TenMH,MoTa,HeSo) VALUES ('TOAN12',N'Toán 12','Môn tự nhiên',2);
INSERT INTO MONHOC(MaMH,TenMH,MoTa,HeSo) VALUES ('VAN10',N'Văn 10','Môn xã hội',2);
INSERT INTO MONHOC(MaMH,TenMH,MoTa,HeSo) VALUES ('VAN11',N'Văn 11','Môn xã hội',2);
INSERT INTO MONHOC(MaMH,TenMH,MoTa,HeSo) VALUES ('VAN12',N'Văn 12','Môn xã hội',2);

INSERT INTO LOP_MONHOC(MaLop,MaMH,MaGV) VALUES ('TN101','ANH10',20522003);
INSERT INTO LOP_MONHOC(MaLop,MaMH,MaGV) VALUES ('TN101','HOA10',20522003);
INSERT INTO LOP_MONHOC(MaLop,MaMH,MaGV) VALUES ('TN101','LY10',20522003);
INSERT INTO LOP_MONHOC(MaLop,MaMH,MaGV) VALUES ('TN101','SINH10',20522003);
INSERT INTO LOP_MONHOC(MaLop,MaMH,MaGV) VALUES ('TN101','TOAN10',20522000);
INSERT INTO LOP_MONHOC(MaLop,MaMH,MaGV) VALUES ('TN101','VAN10',20522003);
INSERT INTO LOP_MONHOC(MaLop,MaMH,MaGV) VALUES ('TN102','ANH10',20522002);
INSERT INTO LOP_MONHOC(MaLop,MaMH,MaGV) VALUES ('TN102','HOA10',20522002);
INSERT INTO LOP_MONHOC(MaLop,MaMH,MaGV) VALUES ('TN102','LY10',20522002);
INSERT INTO LOP_MONHOC(MaLop,MaMH,MaGV) VALUES ('TN121','ANH12',20521703);
INSERT INTO LOP_MONHOC(MaLop,MaMH,MaGV) VALUES ('XH101','SINH10',20522003);
INSERT INTO LOP_MONHOC(MaLop,MaMH,MaGV) VALUES ('XH101','TOAN10',20522003);
INSERT INTO LOP_MONHOC(MaLop,MaMH,MaGV) VALUES ('XH101','VAN10',20522003);
INSERT INTO LOP_MONHOC(MaLop,MaMH,MaGV) VALUES ('XH121','ANH12',20522002);
INSERT INTO LOP_MONHOC(MaLop,MaMH,MaGV) VALUES ('XH121','TOAN12',20522002);
INSERT INTO LOP_MONHOC(MaLop,MaMH,MaGV) VALUES ('XH122','ANH12',20522001);
INSERT INTO LOP_MONHOC(MaLop,MaMH,MaGV) VALUES ('XH122','TOAN12',20522001);

SET IDENTITY_INSERT dbo.KETQUAHOCMON ON
GO
INSERT INTO KETQUAHOCMON(MaQTHoc,MaMH,MaHS,MaHocKy) VALUES (1,'TOAN10','HS000001','HK001');
INSERT INTO KETQUAHOCMON(MaQTHoc,MaMH,MaHS,MaHocKy) VALUES (2,'TOAN10','HS000002','HK001');
INSERT INTO KETQUAHOCMON(MaQTHoc,MaMH,MaHS,MaHocKy) VALUES (3,'TOAN10','HS000003','HK001');
INSERT INTO KETQUAHOCMON(MaQTHoc,MaMH,MaHS,MaHocKy) VALUES (4,'TOAN10','HS000004','HK001');
INSERT INTO KETQUAHOCMON(MaQTHoc,MaMH,MaHS,MaHocKy) VALUES (5,'TOAN10','HS000005','HK001');
INSERT INTO KETQUAHOCMON(MaQTHoc,MaMH,MaHS,MaHocKy) VALUES (6,'TOAN10','HS000006','HK001');
INSERT INTO KETQUAHOCMON(MaQTHoc,MaMH,MaHS,MaHocKy) VALUES (7,'TOAN10','HS000007','HK001');
INSERT INTO KETQUAHOCMON(MaQTHoc,MaMH,MaHS,MaHocKy) VALUES (8,'ANH10','HS000001','HK001');
INSERT INTO KETQUAHOCMON(MaQTHoc,MaMH,MaHS,MaHocKy) VALUES (9,'ANH10','HS000002','HK001');
INSERT INTO KETQUAHOCMON(MaQTHoc,MaMH,MaHS,MaHocKy) VALUES (10,'ANH10','HS000003','HK001');
INSERT INTO KETQUAHOCMON(MaQTHoc,MaMH,MaHS,MaHocKy) VALUES (11,'ANH10','HS000004','HK001');
INSERT INTO KETQUAHOCMON(MaQTHoc,MaMH,MaHS,MaHocKy) VALUES (12,'ANH10','HS000005','HK001');
INSERT INTO KETQUAHOCMON(MaQTHoc,MaMH,MaHS,MaHocKy) VALUES (13,'ANH10','HS000006','HK001');
INSERT INTO KETQUAHOCMON(MaQTHoc,MaMH,MaHS,MaHocKy) VALUES (14,'ANH10','HS000007','HK001');
INSERT INTO KETQUAHOCMON(MaQTHoc,MaMH,MaHS,MaHocKy) VALUES (15,'TOAN10','HS000008','HK001');
INSERT INTO KETQUAHOCMON(MaQTHoc,MaMH,MaHS,MaHocKy) VALUES (16,'TOAN10','HS000009','HK001');
INSERT INTO KETQUAHOCMON(MaQTHoc,MaMH,MaHS,MaHocKy) VALUES (17,'TOAN10','HS000010','HK001');
INSERT INTO KETQUAHOCMON(MaQTHoc,MaMH,MaHS,MaHocKy) VALUES (18,'TOAN10','HS000011','HK001');
INSERT INTO KETQUAHOCMON(MaQTHoc,MaMH,MaHS,MaHocKy) VALUES (19,'TOAN10','HS000012','HK001');
INSERT INTO KETQUAHOCMON(MaQTHoc,MaMH,MaHS,MaHocKy) VALUES (20,'TOAN10','HS000013','HK001');
INSERT INTO KETQUAHOCMON(MaQTHoc,MaMH,MaHS,MaHocKy) VALUES (21,'TOAN10','HS000014','HK001');
INSERT INTO KETQUAHOCMON(MaQTHoc,MaMH,MaHS,MaHocKy) VALUES (22,'TOAN10','HS000015','HK001');
INSERT INTO KETQUAHOCMON(MaQTHoc,MaMH,MaHS,MaHocKy) VALUES (23,'TOAN10','HS000016','HK001');
INSERT INTO KETQUAHOCMON(MaQTHoc,MaMH,MaHS,MaHocKy) VALUES (24,'TOAN10','HS000017','HK001');
INSERT INTO KETQUAHOCMON(MaQTHoc,MaMH,MaHS,MaHocKy) VALUES (25,'TOAN10','HS000018','HK001');
INSERT INTO KETQUAHOCMON(MaQTHoc,MaMH,MaHS,MaHocKy) VALUES (26,'TOAN10','HS000019','HK001');
INSERT INTO KETQUAHOCMON(MaQTHoc,MaMH,MaHS,MaHocKy) VALUES (27,'TOAN10','HS000020','HK001');
INSERT INTO KETQUAHOCMON(MaQTHoc,MaMH,MaHS,MaHocKy) VALUES (28,'TOAN10','HS000021','HK001');
INSERT INTO KETQUAHOCMON(MaQTHoc,MaMH,MaHS,MaHocKy) VALUES (29,'TOAN10','HS000022','HK001');
INSERT INTO KETQUAHOCMON(MaQTHoc,MaMH,MaHS,MaHocKy) VALUES (30,'TOAN10','HS000023','HK001');
INSERT INTO KETQUAHOCMON(MaQTHoc,MaMH,MaHS,MaHocKy) VALUES (31,'TOAN10','HS000024','HK001');
INSERT INTO KETQUAHOCMON(MaQTHoc,MaMH,MaHS,MaHocKy) VALUES (32,'TOAN10','HS000025','HK001');
INSERT INTO KETQUAHOCMON(MaQTHoc,MaMH,MaHS,MaHocKy) VALUES (33,'TOAN10','HS000026','HK001');
INSERT INTO KETQUAHOCMON(MaQTHoc,MaMH,MaHS,MaHocKy) VALUES (34,'TOAN10','HS000027','HK001');
INSERT INTO KETQUAHOCMON(MaQTHoc,MaMH,MaHS,MaHocKy) VALUES (35,'TOAN10','HS000028','HK001');
INSERT INTO KETQUAHOCMON(MaQTHoc,MaMH,MaHS,MaHocKy) VALUES (36,'TOAN10','HS000029','HK001');
INSERT INTO KETQUAHOCMON(MaQTHoc,MaMH,MaHS,MaHocKy) VALUES (37,'TOAN10','HS000030','HK001');
INSERT INTO KETQUAHOCMON(MaQTHoc,MaMH,MaHS,MaHocKy) VALUES (38,'TOAN10','HS000031','HK001');
INSERT INTO KETQUAHOCMON(MaQTHoc,MaMH,MaHS,MaHocKy) VALUES (39,'TOAN10','HS000032','HK001');
INSERT INTO KETQUAHOCMON(MaQTHoc,MaMH,MaHS,MaHocKy) VALUES (40,'TOAN10','HS000033','HK001');
INSERT INTO KETQUAHOCMON(MaQTHoc,MaMH,MaHS,MaHocKy) VALUES (41,'TOAN10','HS000034','HK001');
INSERT INTO KETQUAHOCMON(MaQTHoc,MaMH,MaHS,MaHocKy) VALUES (42,'TOAN10','HS000035','HK001');
INSERT INTO KETQUAHOCMON(MaQTHoc,MaMH,MaHS,MaHocKy) VALUES (43,'TOAN10','HS000036','HK001');
INSERT INTO KETQUAHOCMON(MaQTHoc,MaMH,MaHS,MaHocKy) VALUES (44,'TOAN10','HS000037','HK001');
INSERT INTO KETQUAHOCMON(MaQTHoc,MaMH,MaHS,MaHocKy) VALUES (45,'TOAN10','HS000038','HK001');
INSERT INTO KETQUAHOCMON(MaQTHoc,MaMH,MaHS,MaHocKy) VALUES (46,'TOAN10','HS000039','HK001');
INSERT INTO KETQUAHOCMON(MaQTHoc,MaMH,MaHS,MaHocKy) VALUES (47,'TOAN10','HS000040','HK001');
INSERT INTO KETQUAHOCMON(MaQTHoc,MaMH,MaHS,MaHocKy) VALUES (90,'TOAN10','HS000008','HK002');
INSERT INTO KETQUAHOCMON(MaQTHoc,MaMH,MaHS,MaHocKy) VALUES (91,'TOAN10','HS000009','HK002');
INSERT INTO KETQUAHOCMON(MaQTHoc,MaMH,MaHS,MaHocKy) VALUES (92,'TOAN10','HS000010','HK002');
INSERT INTO KETQUAHOCMON(MaQTHoc,MaMH,MaHS,MaHocKy) VALUES (93,'TOAN10','HS000011','HK002');
INSERT INTO KETQUAHOCMON(MaQTHoc,MaMH,MaHS,MaHocKy) VALUES (94,'TOAN10','HS000012','HK002');
INSERT INTO KETQUAHOCMON(MaQTHoc,MaMH,MaHS,MaHocKy) VALUES (95,'TOAN10','HS000013','HK002');
INSERT INTO KETQUAHOCMON(MaQTHoc,MaMH,MaHS,MaHocKy) VALUES (96,'TOAN10','HS000014','HK002');
INSERT INTO KETQUAHOCMON(MaQTHoc,MaMH,MaHS,MaHocKy) VALUES (97,'TOAN10','HS000015','HK002');
INSERT INTO KETQUAHOCMON(MaQTHoc,MaMH,MaHS,MaHocKy) VALUES (98,'TOAN10','HS000016','HK002');
INSERT INTO KETQUAHOCMON(MaQTHoc,MaMH,MaHS,MaHocKy) VALUES (99,'TOAN10','HS000017','HK002');
INSERT INTO KETQUAHOCMON(MaQTHoc,MaMH,MaHS,MaHocKy) VALUES (100,'TOAN10','HS000018','HK002');
INSERT INTO KETQUAHOCMON(MaQTHoc,MaMH,MaHS,MaHocKy) VALUES (101,'TOAN10','HS000019','HK002');
INSERT INTO KETQUAHOCMON(MaQTHoc,MaMH,MaHS,MaHocKy) VALUES (102,'TOAN10','HS000020','HK002');
INSERT INTO KETQUAHOCMON(MaQTHoc,MaMH,MaHS,MaHocKy) VALUES (103,'TOAN10','HS000021','HK002');
INSERT INTO KETQUAHOCMON(MaQTHoc,MaMH,MaHS,MaHocKy) VALUES (104,'TOAN10','HS000022','HK002');
INSERT INTO KETQUAHOCMON(MaQTHoc,MaMH,MaHS,MaHocKy) VALUES (105,'TOAN10','HS000023','HK002');
INSERT INTO KETQUAHOCMON(MaQTHoc,MaMH,MaHS,MaHocKy) VALUES (106,'TOAN10','HS000024','HK002');
INSERT INTO KETQUAHOCMON(MaQTHoc,MaMH,MaHS,MaHocKy) VALUES (107,'TOAN10','HS000025','HK002');
INSERT INTO KETQUAHOCMON(MaQTHoc,MaMH,MaHS,MaHocKy) VALUES (108,'TOAN10','HS000026','HK002');
INSERT INTO KETQUAHOCMON(MaQTHoc,MaMH,MaHS,MaHocKy) VALUES (109,'TOAN10','HS000027','HK002');
INSERT INTO KETQUAHOCMON(MaQTHoc,MaMH,MaHS,MaHocKy) VALUES (110,'TOAN10','HS000028','HK002');
INSERT INTO KETQUAHOCMON(MaQTHoc,MaMH,MaHS,MaHocKy) VALUES (111,'TOAN10','HS000029','HK002');
INSERT INTO KETQUAHOCMON(MaQTHoc,MaMH,MaHS,MaHocKy) VALUES (112,'TOAN10','HS000030','HK002');
INSERT INTO KETQUAHOCMON(MaQTHoc,MaMH,MaHS,MaHocKy) VALUES (113,'TOAN10','HS000031','HK002');
INSERT INTO KETQUAHOCMON(MaQTHoc,MaMH,MaHS,MaHocKy) VALUES (114,'TOAN10','HS000032','HK002');
INSERT INTO KETQUAHOCMON(MaQTHoc,MaMH,MaHS,MaHocKy) VALUES (115,'TOAN10','HS000033','HK002');
INSERT INTO KETQUAHOCMON(MaQTHoc,MaMH,MaHS,MaHocKy) VALUES (116,'TOAN10','HS000034','HK002');
INSERT INTO KETQUAHOCMON(MaQTHoc,MaMH,MaHS,MaHocKy) VALUES (117,'TOAN10','HS000035','HK002');
INSERT INTO KETQUAHOCMON(MaQTHoc,MaMH,MaHS,MaHocKy) VALUES (118,'TOAN10','HS000036','HK002');
INSERT INTO KETQUAHOCMON(MaQTHoc,MaMH,MaHS,MaHocKy) VALUES (119,'TOAN10','HS000037','HK002');
INSERT INTO KETQUAHOCMON(MaQTHoc,MaMH,MaHS,MaHocKy) VALUES (120,'TOAN10','HS000038','HK002');
INSERT INTO KETQUAHOCMON(MaQTHoc,MaMH,MaHS,MaHocKy) VALUES (121,'TOAN10','HS000039','HK002');
INSERT INTO KETQUAHOCMON(MaQTHoc,MaMH,MaHS,MaHocKy) VALUES (122,'TOAN10','HS000040','HK002');
SET IDENTITY_INSERT dbo.KETQUAHOCMON OFF

SELECT * FROM dbo.KETQUAHOCMON

INSERT INTO HOCSINH_LOP(MaHS,MaLop) VALUES ('HS000001','TN102');
INSERT INTO HOCSINH_LOP(MaHS,MaLop) VALUES ('HS000002','TN102');
INSERT INTO HOCSINH_LOP(MaHS,MaLop) VALUES ('HS000003','TN101');
INSERT INTO HOCSINH_LOP(MaHS,MaLop) VALUES ('HS000004','TN101');
INSERT INTO HOCSINH_LOP(MaHS,MaLop) VALUES ('HS000005','TN101');
INSERT INTO HOCSINH_LOP(MaHS,MaLop) VALUES ('HS000006','TN101');
INSERT INTO HOCSINH_LOP(MaHS,MaLop) VALUES ('HS000007','TN101');
INSERT INTO HOCSINH_LOP(MaHS,MaLop) VALUES ('HS000008','TN101');
INSERT INTO HOCSINH_LOP(MaHS,MaLop) VALUES ('HS000009','TN101');
INSERT INTO HOCSINH_LOP(MaHS,MaLop) VALUES ('HS000010','TN101');
INSERT INTO HOCSINH_LOP(MaHS,MaLop) VALUES ('HS000011','TN101');
INSERT INTO HOCSINH_LOP(MaHS,MaLop) VALUES ('HS000012','TN102');
INSERT INTO HOCSINH_LOP(MaHS,MaLop) VALUES ('HS000013','TN102');
INSERT INTO HOCSINH_LOP(MaHS,MaLop) VALUES ('HS000014','TN101');
INSERT INTO HOCSINH_LOP(MaHS,MaLop) VALUES ('HS000015','XH121');
INSERT INTO HOCSINH_LOP(MaHS,MaLop) VALUES ('HS000016','TN121');
INSERT INTO HOCSINH_LOP(MaHS,MaLop) VALUES ('HS000017','XH121');
INSERT INTO HOCSINH_LOP(MaHS,MaLop) VALUES ('HS000018','TN101');
INSERT INTO HOCSINH_LOP(MaHS,MaLop) VALUES ('HS000019','TN102');
INSERT INTO HOCSINH_LOP(MaHS,MaLop) VALUES ('HS000020','TN121');
INSERT INTO HOCSINH_LOP(MaHS,MaLop) VALUES ('HS000021','TN101');
INSERT INTO HOCSINH_LOP(MaHS,MaLop) VALUES ('HS000022','TN102');
INSERT INTO HOCSINH_LOP(MaHS,MaLop) VALUES ('HS000023','TN121');
INSERT INTO HOCSINH_LOP(MaHS,MaLop) VALUES ('HS000024','TN101');
INSERT INTO HOCSINH_LOP(MaHS,MaLop) VALUES ('HS000025','TN102');
INSERT INTO HOCSINH_LOP(MaHS,MaLop) VALUES ('HS000026','TN121');
INSERT INTO HOCSINH_LOP(MaHS,MaLop) VALUES ('HS000027','TN101');
INSERT INTO HOCSINH_LOP(MaHS,MaLop) VALUES ('HS000028','TN102');
INSERT INTO HOCSINH_LOP(MaHS,MaLop) VALUES ('HS000029','TN121');
INSERT INTO HOCSINH_LOP(MaHS,MaLop) VALUES ('HS000030','TN101');
INSERT INTO HOCSINH_LOP(MaHS,MaLop) VALUES ('HS000031','TN102');
INSERT INTO HOCSINH_LOP(MaHS,MaLop) VALUES ('HS000032','TN121');
INSERT INTO HOCSINH_LOP(MaHS,MaLop) VALUES ('HS000033','TN101');
INSERT INTO HOCSINH_LOP(MaHS,MaLop) VALUES ('HS000034','XH101');
INSERT INTO HOCSINH_LOP(MaHS,MaLop) VALUES ('HS000035','TN101');
INSERT INTO HOCSINH_LOP(MaHS,MaLop) VALUES ('HS000036','XH101');
INSERT INTO HOCSINH_LOP(MaHS,MaLop) VALUES ('HS000037','TN101');
INSERT INTO HOCSINH_LOP(MaHS,MaLop) VALUES ('HS000038','XH101');
INSERT INTO HOCSINH_LOP(MaHS,MaLop) VALUES ('HS000039','TN101');
INSERT INTO HOCSINH_LOP(MaHS,MaLop) VALUES ('HS000040','XH101');

INSERT INTO LOAIHINHKIEMTRA(MaLHKT,TenLHKT,HeSo) VALUES ('DM',N'Kiểm tra miệng',1);
INSERT INTO LOAIHINHKIEMTRA(MaLHKT,TenLHKT,HeSo) VALUES ('KT15P',N'Kiểm tra 15 phút',1);
INSERT INTO LOAIHINHKIEMTRA(MaLHKT,TenLHKT,HeSo) VALUES ('KT1T',N'Kiểm tra 1 tiết',2);
INSERT INTO LOAIHINHKIEMTRA(MaLHKT,TenLHKT,HeSo) VALUES ('KTCK',N'Kiểm tra cuối kỳ',4);
INSERT INTO LOAIHINHKIEMTRA(MaLHKT,TenLHKT,HeSo) VALUES ('KTGK',N'Kiểm tra giữa kỳ',2);

SET IDENTITY_INSERT dbo.CT_HOCMON ON
GO
INSERT INTO CT_HOCMON(MaCTHocMon,MaQTHoc,MaLHKT,Diem) VALUES (7,1,'DM',10);
INSERT INTO CT_HOCMON(MaCTHocMon,MaQTHoc,MaLHKT,Diem) VALUES (8,1,'KT15P',10);
INSERT INTO CT_HOCMON(MaCTHocMon,MaQTHoc,MaLHKT,Diem) VALUES (9,1,'KT1T',10);
INSERT INTO CT_HOCMON(MaCTHocMon,MaQTHoc,MaLHKT,Diem) VALUES (10,1,'KTGK',10);
INSERT INTO CT_HOCMON(MaCTHocMon,MaQTHoc,MaLHKT,Diem) VALUES (11,1,'KTCK',10);
INSERT INTO CT_HOCMON(MaCTHocMon,MaQTHoc,MaLHKT,Diem) VALUES (43,7,'KTCK',10);
INSERT INTO CT_HOCMON(MaCTHocMon,MaQTHoc,MaLHKT,Diem) VALUES (79,7,'KTCK',10);
INSERT INTO CT_HOCMON(MaCTHocMon,MaQTHoc,MaLHKT,Diem) VALUES (114,7,'KTCK',10);
INSERT INTO CT_HOCMON(MaCTHocMon,MaQTHoc,MaLHKT,Diem) VALUES (144,7,'KTCK',10);
INSERT INTO CT_HOCMON(MaCTHocMon,MaQTHoc,MaLHKT,Diem) VALUES (174,7,'KTCK',10);
INSERT INTO CT_HOCMON(MaCTHocMon,MaQTHoc,MaLHKT,Diem) VALUES (214,7,'KTCK',10);
INSERT INTO CT_HOCMON(MaCTHocMon,MaQTHoc,MaLHKT,Diem) VALUES (245,7,'KTCK',10);
INSERT INTO CT_HOCMON(MaCTHocMon,MaQTHoc,MaLHKT,Diem) VALUES (276,7,'KTCK',10);
INSERT INTO CT_HOCMON(MaCTHocMon,MaQTHoc,MaLHKT,Diem) VALUES (306,7,'KTCK',10);
INSERT INTO CT_HOCMON(MaCTHocMon,MaQTHoc,MaLHKT,Diem) VALUES (337,7,'KTCK',10);
INSERT INTO CT_HOCMON(MaCTHocMon,MaQTHoc,MaLHKT,Diem) VALUES (339,15,'KT1T',8);
INSERT INTO CT_HOCMON(MaCTHocMon,MaQTHoc,MaLHKT,Diem) VALUES (341,15,'KT1T',8);
INSERT INTO CT_HOCMON(MaCTHocMon,MaQTHoc,MaLHKT,Diem) VALUES (343,15,'KT1T',8);
INSERT INTO CT_HOCMON(MaCTHocMon,MaQTHoc,MaLHKT,Diem) VALUES (345,15,'KT1T',8);
INSERT INTO CT_HOCMON(MaCTHocMon,MaQTHoc,MaLHKT,Diem) VALUES (363,7,'KTCK',10);
INSERT INTO CT_HOCMON(MaCTHocMon,MaQTHoc,MaLHKT,Diem) VALUES (377,5,'KTGK',9);
INSERT INTO CT_HOCMON(MaCTHocMon,MaQTHoc,MaLHKT,Diem) VALUES (378,5,'KTGK',9);
INSERT INTO CT_HOCMON(MaCTHocMon,MaQTHoc,MaLHKT,Diem) VALUES (379,5,'KTGK',9);
INSERT INTO CT_HOCMON(MaCTHocMon,MaQTHoc,MaLHKT,Diem) VALUES (380,5,'KTGK',9);
INSERT INTO CT_HOCMON(MaCTHocMon,MaQTHoc,MaLHKT,Diem) VALUES (381,15,'KT1T',8);
INSERT INTO CT_HOCMON(MaCTHocMon,MaQTHoc,MaLHKT,Diem) VALUES (382,15,'KT1T',8);
INSERT INTO CT_HOCMON(MaCTHocMon,MaQTHoc,MaLHKT,Diem) VALUES (383,15,'KT1T',8);
INSERT INTO CT_HOCMON(MaCTHocMon,MaQTHoc,MaLHKT,Diem) VALUES (384,15,'KT1T',8);
INSERT INTO CT_HOCMON(MaCTHocMon,MaQTHoc,MaLHKT,Diem) VALUES (385,3,'KT15P',10);
INSERT INTO CT_HOCMON(MaCTHocMon,MaQTHoc,MaLHKT,Diem) VALUES (386,3,'KT15P',10);
INSERT INTO CT_HOCMON(MaCTHocMon,MaQTHoc,MaLHKT,Diem) VALUES (387,3,'KT15P',10);
INSERT INTO CT_HOCMON(MaCTHocMon,MaQTHoc,MaLHKT,Diem) VALUES (388,3,'KT15P',10);
INSERT INTO CT_HOCMON(MaCTHocMon,MaQTHoc,MaLHKT,Diem) VALUES (389,3,'KT15P',10);
INSERT INTO CT_HOCMON(MaCTHocMon,MaQTHoc,MaLHKT,Diem) VALUES (390,4,'DM',9);
INSERT INTO CT_HOCMON(MaCTHocMon,MaQTHoc,MaLHKT,Diem) VALUES (391,4,'DM',9);
INSERT INTO CT_HOCMON(MaCTHocMon,MaQTHoc,MaLHKT,Diem) VALUES (392,4,'DM',9);
INSERT INTO CT_HOCMON(MaCTHocMon,MaQTHoc,MaLHKT,Diem) VALUES (393,4,'DM',9);
INSERT INTO CT_HOCMON(MaCTHocMon,MaQTHoc,MaLHKT,Diem) VALUES (394,4,'DM',9);
INSERT INTO CT_HOCMON(MaCTHocMon,MaQTHoc,MaLHKT,Diem) VALUES (395,6,'DM',10);
INSERT INTO CT_HOCMON(MaCTHocMon,MaQTHoc,MaLHKT,Diem) VALUES (396,6,'DM',10);
INSERT INTO CT_HOCMON(MaCTHocMon,MaQTHoc,MaLHKT,Diem) VALUES (397,6,'DM',10);
INSERT INTO CT_HOCMON(MaCTHocMon,MaQTHoc,MaLHKT,Diem) VALUES (398,6,'DM',10);
INSERT INTO CT_HOCMON(MaCTHocMon,MaQTHoc,MaLHKT,Diem) VALUES (399,6,'DM',10);
INSERT INTO CT_HOCMON(MaCTHocMon,MaQTHoc,MaLHKT,Diem) VALUES (400,2,'KT1T',9.5);
INSERT INTO CT_HOCMON(MaCTHocMon,MaQTHoc,MaLHKT,Diem) VALUES (401,2,'KT1T',9.5);
INSERT INTO CT_HOCMON(MaCTHocMon,MaQTHoc,MaLHKT,Diem) VALUES (402,2,'KT1T',9.5);
INSERT INTO CT_HOCMON(MaCTHocMon,MaQTHoc,MaLHKT,Diem) VALUES (403,2,'KT15P',8);
INSERT INTO CT_HOCMON(MaCTHocMon,MaQTHoc,MaLHKT,Diem) VALUES (404,2,'KT1T',9.5);
INSERT INTO CT_HOCMON(MaCTHocMon,MaQTHoc,MaLHKT,Diem) VALUES (405,2,'KT15P',8);
INSERT INTO CT_HOCMON(MaCTHocMon,MaQTHoc,MaLHKT,Diem) VALUES (406,2,'KT1T',9.5);
INSERT INTO CT_HOCMON(MaCTHocMon,MaQTHoc,MaLHKT,Diem) VALUES (407,2,'KT15P',8);
INSERT INTO CT_HOCMON(MaCTHocMon,MaQTHoc,MaLHKT,Diem) VALUES (408,2,'KT1T',9.5);
INSERT INTO CT_HOCMON(MaCTHocMon,MaQTHoc,MaLHKT,Diem) VALUES (409,2,'KT15P',8);
INSERT INTO CT_HOCMON(MaCTHocMon,MaQTHoc,MaLHKT,Diem) VALUES (410,2,'KT1T',9.5);
INSERT INTO CT_HOCMON(MaCTHocMon,MaQTHoc,MaLHKT,Diem) VALUES (411,3,'KT15P',10);
INSERT INTO CT_HOCMON(MaCTHocMon,MaQTHoc,MaLHKT,Diem) VALUES (412,3,'KT15P',10);
INSERT INTO CT_HOCMON(MaCTHocMon,MaQTHoc,MaLHKT,Diem) VALUES (413,3,'KT15P',10);
INSERT INTO CT_HOCMON(MaCTHocMon,MaQTHoc,MaLHKT,Diem) VALUES (414,3,'KT15P',10);
INSERT INTO CT_HOCMON(MaCTHocMon,MaQTHoc,MaLHKT,Diem) VALUES (415,3,'KT15P',10);
INSERT INTO CT_HOCMON(MaCTHocMon,MaQTHoc,MaLHKT,Diem) VALUES (416,4,'DM',9);
INSERT INTO CT_HOCMON(MaCTHocMon,MaQTHoc,MaLHKT,Diem) VALUES (417,4,'DM',9);
INSERT INTO CT_HOCMON(MaCTHocMon,MaQTHoc,MaLHKT,Diem) VALUES (418,4,'DM',9);
INSERT INTO CT_HOCMON(MaCTHocMon,MaQTHoc,MaLHKT,Diem) VALUES (419,4,'DM',9);
INSERT INTO CT_HOCMON(MaCTHocMon,MaQTHoc,MaLHKT,Diem) VALUES (420,4,'DM',9);
INSERT INTO CT_HOCMON(MaCTHocMon,MaQTHoc,MaLHKT,Diem) VALUES (421,5,'KTGK',9);
INSERT INTO CT_HOCMON(MaCTHocMon,MaQTHoc,MaLHKT,Diem) VALUES (422,5,'KTGK',9);
INSERT INTO CT_HOCMON(MaCTHocMon,MaQTHoc,MaLHKT,Diem) VALUES (423,5,'KTGK',9);
INSERT INTO CT_HOCMON(MaCTHocMon,MaQTHoc,MaLHKT,Diem) VALUES (424,5,'KTGK',9);
INSERT INTO CT_HOCMON(MaCTHocMon,MaQTHoc,MaLHKT,Diem) VALUES (425,5,'KTGK',9);
INSERT INTO CT_HOCMON(MaCTHocMon,MaQTHoc,MaLHKT,Diem) VALUES (426,6,'DM',10);
INSERT INTO CT_HOCMON(MaCTHocMon,MaQTHoc,MaLHKT,Diem) VALUES (427,6,'DM',10);
INSERT INTO CT_HOCMON(MaCTHocMon,MaQTHoc,MaLHKT,Diem) VALUES (428,6,'DM',10);
INSERT INTO CT_HOCMON(MaCTHocMon,MaQTHoc,MaLHKT,Diem) VALUES (429,6,'DM',10);
INSERT INTO CT_HOCMON(MaCTHocMon,MaQTHoc,MaLHKT,Diem) VALUES (430,6,'DM',10);
INSERT INTO CT_HOCMON(MaCTHocMon,MaQTHoc,MaLHKT,Diem) VALUES (431,7,'KTCK',10);
INSERT INTO CT_HOCMON(MaCTHocMon,MaQTHoc,MaLHKT,Diem) VALUES (432,7,'KTCK',10);
INSERT INTO CT_HOCMON(MaCTHocMon,MaQTHoc,MaLHKT,Diem) VALUES (433,7,'KTCK',10);
INSERT INTO CT_HOCMON(MaCTHocMon,MaQTHoc,MaLHKT,Diem) VALUES (434,7,'KTCK',10);
INSERT INTO CT_HOCMON(MaCTHocMon,MaQTHoc,MaLHKT,Diem) VALUES (435,7,'KTCK',10);
INSERT INTO CT_HOCMON(MaCTHocMon,MaQTHoc,MaLHKT,Diem) VALUES (441,15,'KT1T',8);
INSERT INTO CT_HOCMON(MaCTHocMon,MaQTHoc,MaLHKT,Diem) VALUES (442,15,'KT1T',8);
INSERT INTO CT_HOCMON(MaCTHocMon,MaQTHoc,MaLHKT,Diem) VALUES (443,15,'KT1T',8);
INSERT INTO CT_HOCMON(MaCTHocMon,MaQTHoc,MaLHKT,Diem) VALUES (444,15,'KT1T',8);
INSERT INTO CT_HOCMON(MaCTHocMon,MaQTHoc,MaLHKT,Diem) VALUES (445,15,'KT1T',8);
INSERT INTO CT_HOCMON(MaCTHocMon,MaQTHoc,MaLHKT,Diem) VALUES (448,2,'DM',10);
INSERT INTO CT_HOCMON(MaCTHocMon,MaQTHoc,MaLHKT,Diem) VALUES (449,2,'KT15P',8);
INSERT INTO CT_HOCMON(MaCTHocMon,MaQTHoc,MaLHKT,Diem) VALUES (450,2,'KT1T',9.5);
INSERT INTO CT_HOCMON(MaCTHocMon,MaQTHoc,MaLHKT,Diem) VALUES (451,2,'KTGK',8);
INSERT INTO CT_HOCMON(MaCTHocMon,MaQTHoc,MaLHKT,Diem) VALUES (452,2,'KTCK',9);
INSERT INTO CT_HOCMON(MaCTHocMon,MaQTHoc,MaLHKT,Diem) VALUES (453,2,'DM',10);
INSERT INTO CT_HOCMON(MaCTHocMon,MaQTHoc,MaLHKT,Diem) VALUES (454,2,'KT15P',8);
INSERT INTO CT_HOCMON(MaCTHocMon,MaQTHoc,MaLHKT,Diem) VALUES (455,2,'KT1T',9.5);
INSERT INTO CT_HOCMON(MaCTHocMon,MaQTHoc,MaLHKT,Diem) VALUES (456,2,'KTGK',8);
INSERT INTO CT_HOCMON(MaCTHocMon,MaQTHoc,MaLHKT,Diem) VALUES (457,2,'KTCK',9);
INSERT INTO CT_HOCMON(MaCTHocMon,MaQTHoc,MaLHKT,Diem) VALUES (458,3,'DM',8);
INSERT INTO CT_HOCMON(MaCTHocMon,MaQTHoc,MaLHKT,Diem) VALUES (459,3,'KT15P',10);
INSERT INTO CT_HOCMON(MaCTHocMon,MaQTHoc,MaLHKT,Diem) VALUES (460,3,'KT1T',10);
INSERT INTO CT_HOCMON(MaCTHocMon,MaQTHoc,MaLHKT,Diem) VALUES (461,3,'KTGK',10);
INSERT INTO CT_HOCMON(MaCTHocMon,MaQTHoc,MaLHKT,Diem) VALUES (462,3,'KTCK',10);
INSERT INTO CT_HOCMON(MaCTHocMon,MaQTHoc,MaLHKT,Diem) VALUES (463,3,'DM',8);
INSERT INTO CT_HOCMON(MaCTHocMon,MaQTHoc,MaLHKT,Diem) VALUES (464,3,'KT15P',10);
INSERT INTO CT_HOCMON(MaCTHocMon,MaQTHoc,MaLHKT,Diem) VALUES (465,3,'KT1T',10);
INSERT INTO CT_HOCMON(MaCTHocMon,MaQTHoc,MaLHKT,Diem) VALUES (466,3,'KTGK',10);
INSERT INTO CT_HOCMON(MaCTHocMon,MaQTHoc,MaLHKT,Diem) VALUES (467,3,'KTCK',10);
INSERT INTO CT_HOCMON(MaCTHocMon,MaQTHoc,MaLHKT,Diem) VALUES (468,4,'DM',9);
INSERT INTO CT_HOCMON(MaCTHocMon,MaQTHoc,MaLHKT,Diem) VALUES (469,4,'KT15P',8);
INSERT INTO CT_HOCMON(MaCTHocMon,MaQTHoc,MaLHKT,Diem) VALUES (470,4,'KT1T',8);
INSERT INTO CT_HOCMON(MaCTHocMon,MaQTHoc,MaLHKT,Diem) VALUES (471,4,'KTGK',8);
INSERT INTO CT_HOCMON(MaCTHocMon,MaQTHoc,MaLHKT,Diem) VALUES (472,4,'KTCK',9.5);
INSERT INTO CT_HOCMON(MaCTHocMon,MaQTHoc,MaLHKT,Diem) VALUES (473,4,'DM',9);
INSERT INTO CT_HOCMON(MaCTHocMon,MaQTHoc,MaLHKT,Diem) VALUES (474,4,'KT15P',8);
INSERT INTO CT_HOCMON(MaCTHocMon,MaQTHoc,MaLHKT,Diem) VALUES (475,4,'KT1T',8);
INSERT INTO CT_HOCMON(MaCTHocMon,MaQTHoc,MaLHKT,Diem) VALUES (476,4,'KTGK',8);
INSERT INTO CT_HOCMON(MaCTHocMon,MaQTHoc,MaLHKT,Diem) VALUES (477,4,'KTCK',9.5);
INSERT INTO CT_HOCMON(MaCTHocMon,MaQTHoc,MaLHKT,Diem) VALUES (478,5,'DM',10);
INSERT INTO CT_HOCMON(MaCTHocMon,MaQTHoc,MaLHKT,Diem) VALUES (479,5,'KT15P',8);
INSERT INTO CT_HOCMON(MaCTHocMon,MaQTHoc,MaLHKT,Diem) VALUES (480,5,'KT1T',9);
INSERT INTO CT_HOCMON(MaCTHocMon,MaQTHoc,MaLHKT,Diem) VALUES (481,5,'KTGK',9);
INSERT INTO CT_HOCMON(MaCTHocMon,MaQTHoc,MaLHKT,Diem) VALUES (482,5,'KTCK',9);
INSERT INTO CT_HOCMON(MaCTHocMon,MaQTHoc,MaLHKT,Diem) VALUES (483,5,'DM',10);
INSERT INTO CT_HOCMON(MaCTHocMon,MaQTHoc,MaLHKT,Diem) VALUES (484,5,'KT15P',8);
INSERT INTO CT_HOCMON(MaCTHocMon,MaQTHoc,MaLHKT,Diem) VALUES (485,5,'KT1T',9);
INSERT INTO CT_HOCMON(MaCTHocMon,MaQTHoc,MaLHKT,Diem) VALUES (486,5,'KTGK',9);
INSERT INTO CT_HOCMON(MaCTHocMon,MaQTHoc,MaLHKT,Diem) VALUES (487,5,'KTCK',9);
INSERT INTO CT_HOCMON(MaCTHocMon,MaQTHoc,MaLHKT,Diem) VALUES (488,6,'DM',10);
INSERT INTO CT_HOCMON(MaCTHocMon,MaQTHoc,MaLHKT,Diem) VALUES (489,6,'KT15P',10);
INSERT INTO CT_HOCMON(MaCTHocMon,MaQTHoc,MaLHKT,Diem) VALUES (490,6,'KT1T',10);
INSERT INTO CT_HOCMON(MaCTHocMon,MaQTHoc,MaLHKT,Diem) VALUES (491,6,'KTGK',10);
INSERT INTO CT_HOCMON(MaCTHocMon,MaQTHoc,MaLHKT,Diem) VALUES (492,6,'KTCK',9);
INSERT INTO CT_HOCMON(MaCTHocMon,MaQTHoc,MaLHKT,Diem) VALUES (493,6,'DM',10);
INSERT INTO CT_HOCMON(MaCTHocMon,MaQTHoc,MaLHKT,Diem) VALUES (494,6,'KT15P',10);
INSERT INTO CT_HOCMON(MaCTHocMon,MaQTHoc,MaLHKT,Diem) VALUES (495,6,'KT1T',10);
INSERT INTO CT_HOCMON(MaCTHocMon,MaQTHoc,MaLHKT,Diem) VALUES (496,6,'KTGK',10);
INSERT INTO CT_HOCMON(MaCTHocMon,MaQTHoc,MaLHKT,Diem) VALUES (497,6,'KTCK',9);
INSERT INTO CT_HOCMON(MaCTHocMon,MaQTHoc,MaLHKT,Diem) VALUES (498,7,'DM',10);
INSERT INTO CT_HOCMON(MaCTHocMon,MaQTHoc,MaLHKT,Diem) VALUES (499,7,'KT15P',8.5);
INSERT INTO CT_HOCMON(MaCTHocMon,MaQTHoc,MaLHKT,Diem) VALUES (500,7,'KT1T',8.5);
INSERT INTO CT_HOCMON(MaCTHocMon,MaQTHoc,MaLHKT,Diem) VALUES (501,7,'KTGK',9);
INSERT INTO CT_HOCMON(MaCTHocMon,MaQTHoc,MaLHKT,Diem) VALUES (502,7,'KTCK',10);
INSERT INTO CT_HOCMON(MaCTHocMon,MaQTHoc,MaLHKT,Diem) VALUES (503,7,'DM',10);
INSERT INTO CT_HOCMON(MaCTHocMon,MaQTHoc,MaLHKT,Diem) VALUES (504,7,'KT15P',8.5);
INSERT INTO CT_HOCMON(MaCTHocMon,MaQTHoc,MaLHKT,Diem) VALUES (505,7,'KT1T',8.5);
INSERT INTO CT_HOCMON(MaCTHocMon,MaQTHoc,MaLHKT,Diem) VALUES (506,7,'KTGK',9);
INSERT INTO CT_HOCMON(MaCTHocMon,MaQTHoc,MaLHKT,Diem) VALUES (507,7,'KTCK',10);
INSERT INTO CT_HOCMON(MaCTHocMon,MaQTHoc,MaLHKT,Diem) VALUES (518,15,'DM',9);
INSERT INTO CT_HOCMON(MaCTHocMon,MaQTHoc,MaLHKT,Diem) VALUES (519,15,'KT15P',9);
INSERT INTO CT_HOCMON(MaCTHocMon,MaQTHoc,MaLHKT,Diem) VALUES (520,15,'KT1T',8);
INSERT INTO CT_HOCMON(MaCTHocMon,MaQTHoc,MaLHKT,Diem) VALUES (521,15,'KTGK',10);
INSERT INTO CT_HOCMON(MaCTHocMon,MaQTHoc,MaLHKT,Diem) VALUES (522,15,'KTCK',10);
INSERT INTO CT_HOCMON(MaCTHocMon,MaQTHoc,MaLHKT,Diem) VALUES (523,15,'DM',9);
INSERT INTO CT_HOCMON(MaCTHocMon,MaQTHoc,MaLHKT,Diem) VALUES (524,15,'KT15P',9);
INSERT INTO CT_HOCMON(MaCTHocMon,MaQTHoc,MaLHKT,Diem) VALUES (525,15,'KT1T',8);
INSERT INTO CT_HOCMON(MaCTHocMon,MaQTHoc,MaLHKT,Diem) VALUES (526,15,'KTGK',10);
INSERT INTO CT_HOCMON(MaCTHocMon,MaQTHoc,MaLHKT,Diem) VALUES (527,15,'KTCK',10);
INSERT INTO CT_HOCMON(MaCTHocMon,MaQTHoc,MaLHKT,Diem) VALUES (529,19,'DM',10);
INSERT INTO CT_HOCMON(MaCTHocMon,MaQTHoc,MaLHKT,Diem) VALUES (530,19,'KT15P',10);
INSERT INTO CT_HOCMON(MaCTHocMon,MaQTHoc,MaLHKT,Diem) VALUES (531,19,'KT1T',10);
INSERT INTO CT_HOCMON(MaCTHocMon,MaQTHoc,MaLHKT,Diem) VALUES (532,19,'KTGK',10);
INSERT INTO CT_HOCMON(MaCTHocMon,MaQTHoc,MaLHKT,Diem) VALUES (533,19,'KTCK',10);
INSERT INTO CT_HOCMON(MaCTHocMon,MaQTHoc,MaLHKT,Diem) VALUES (534,19,'DM',10);
INSERT INTO CT_HOCMON(MaCTHocMon,MaQTHoc,MaLHKT,Diem) VALUES (535,19,'KT15P',10);
INSERT INTO CT_HOCMON(MaCTHocMon,MaQTHoc,MaLHKT,Diem) VALUES (536,19,'KT1T',10);
INSERT INTO CT_HOCMON(MaCTHocMon,MaQTHoc,MaLHKT,Diem) VALUES (537,19,'KTGK',10);
INSERT INTO CT_HOCMON(MaCTHocMon,MaQTHoc,MaLHKT,Diem) VALUES (538,19,'KTCK',10);
INSERT INTO CT_HOCMON(MaCTHocMon,MaQTHoc,MaLHKT,Diem) VALUES (539,2,'DM',10);
INSERT INTO CT_HOCMON(MaCTHocMon,MaQTHoc,MaLHKT,Diem) VALUES (540,2,'KT15P',8);
INSERT INTO CT_HOCMON(MaCTHocMon,MaQTHoc,MaLHKT,Diem) VALUES (541,2,'KT1T',9.5);
INSERT INTO CT_HOCMON(MaCTHocMon,MaQTHoc,MaLHKT,Diem) VALUES (542,2,'KTGK',8);
INSERT INTO CT_HOCMON(MaCTHocMon,MaQTHoc,MaLHKT,Diem) VALUES (543,2,'KTCK',9);
INSERT INTO CT_HOCMON(MaCTHocMon,MaQTHoc,MaLHKT,Diem) VALUES (544,3,'DM',8);
INSERT INTO CT_HOCMON(MaCTHocMon,MaQTHoc,MaLHKT,Diem) VALUES (545,3,'KT15P',10);
INSERT INTO CT_HOCMON(MaCTHocMon,MaQTHoc,MaLHKT,Diem) VALUES (546,3,'KT1T',10);
INSERT INTO CT_HOCMON(MaCTHocMon,MaQTHoc,MaLHKT,Diem) VALUES (547,3,'KTGK',10);
INSERT INTO CT_HOCMON(MaCTHocMon,MaQTHoc,MaLHKT,Diem) VALUES (548,3,'KTCK',10);
INSERT INTO CT_HOCMON(MaCTHocMon,MaQTHoc,MaLHKT,Diem) VALUES (549,4,'DM',9);
INSERT INTO CT_HOCMON(MaCTHocMon,MaQTHoc,MaLHKT,Diem) VALUES (550,4,'KT15P',8);
INSERT INTO CT_HOCMON(MaCTHocMon,MaQTHoc,MaLHKT,Diem) VALUES (551,4,'KT1T',8);
INSERT INTO CT_HOCMON(MaCTHocMon,MaQTHoc,MaLHKT,Diem) VALUES (552,4,'KTGK',8);
INSERT INTO CT_HOCMON(MaCTHocMon,MaQTHoc,MaLHKT,Diem) VALUES (553,4,'KTCK',9.5);
INSERT INTO CT_HOCMON(MaCTHocMon,MaQTHoc,MaLHKT,Diem) VALUES (554,5,'DM',10);
INSERT INTO CT_HOCMON(MaCTHocMon,MaQTHoc,MaLHKT,Diem) VALUES (555,5,'KT15P',8);
INSERT INTO CT_HOCMON(MaCTHocMon,MaQTHoc,MaLHKT,Diem) VALUES (556,5,'KT1T',9);
INSERT INTO CT_HOCMON(MaCTHocMon,MaQTHoc,MaLHKT,Diem) VALUES (557,5,'KTGK',9);
INSERT INTO CT_HOCMON(MaCTHocMon,MaQTHoc,MaLHKT,Diem) VALUES (558,5,'KTCK',9);
INSERT INTO CT_HOCMON(MaCTHocMon,MaQTHoc,MaLHKT,Diem) VALUES (559,6,'DM',10);
INSERT INTO CT_HOCMON(MaCTHocMon,MaQTHoc,MaLHKT,Diem) VALUES (560,6,'KT15P',10);
INSERT INTO CT_HOCMON(MaCTHocMon,MaQTHoc,MaLHKT,Diem) VALUES (561,6,'KT1T',10);
INSERT INTO CT_HOCMON(MaCTHocMon,MaQTHoc,MaLHKT,Diem) VALUES (562,6,'KTGK',10);
INSERT INTO CT_HOCMON(MaCTHocMon,MaQTHoc,MaLHKT,Diem) VALUES (563,6,'KTCK',9);
INSERT INTO CT_HOCMON(MaCTHocMon,MaQTHoc,MaLHKT,Diem) VALUES (564,7,'DM',10);
INSERT INTO CT_HOCMON(MaCTHocMon,MaQTHoc,MaLHKT,Diem) VALUES (565,7,'KT15P',8.5);
INSERT INTO CT_HOCMON(MaCTHocMon,MaQTHoc,MaLHKT,Diem) VALUES (566,7,'KT1T',8.5);
INSERT INTO CT_HOCMON(MaCTHocMon,MaQTHoc,MaLHKT,Diem) VALUES (567,7,'KTGK',9);
INSERT INTO CT_HOCMON(MaCTHocMon,MaQTHoc,MaLHKT,Diem) VALUES (568,7,'KTCK',10);
INSERT INTO CT_HOCMON(MaCTHocMon,MaQTHoc,MaLHKT,Diem) VALUES (574,15,'DM',9);
INSERT INTO CT_HOCMON(MaCTHocMon,MaQTHoc,MaLHKT,Diem) VALUES (575,15,'KT15P',9);
INSERT INTO CT_HOCMON(MaCTHocMon,MaQTHoc,MaLHKT,Diem) VALUES (576,15,'KT1T',8);
INSERT INTO CT_HOCMON(MaCTHocMon,MaQTHoc,MaLHKT,Diem) VALUES (577,15,'KTGK',10);
INSERT INTO CT_HOCMON(MaCTHocMon,MaQTHoc,MaLHKT,Diem) VALUES (578,15,'KTCK',10);
INSERT INTO CT_HOCMON(MaCTHocMon,MaQTHoc,MaLHKT,Diem) VALUES (625,19,'DM',10);
INSERT INTO CT_HOCMON(MaCTHocMon,MaQTHoc,MaLHKT,Diem) VALUES (626,19,'KT15P',10);
INSERT INTO CT_HOCMON(MaCTHocMon,MaQTHoc,MaLHKT,Diem) VALUES (627,19,'KT1T',10);
INSERT INTO CT_HOCMON(MaCTHocMon,MaQTHoc,MaLHKT,Diem) VALUES (628,19,'KTGK',10);
INSERT INTO CT_HOCMON(MaCTHocMon,MaQTHoc,MaLHKT,Diem) VALUES (629,19,'KTCK',10);
INSERT INTO CT_HOCMON(MaCTHocMon,MaQTHoc,MaLHKT,Diem) VALUES (630,39,'DM',8);
INSERT INTO CT_HOCMON(MaCTHocMon,MaQTHoc,MaLHKT,Diem) VALUES (631,39,'KT15P',9);
INSERT INTO CT_HOCMON(MaCTHocMon,MaQTHoc,MaLHKT,Diem) VALUES (632,39,'KT1T',8);
INSERT INTO CT_HOCMON(MaCTHocMon,MaQTHoc,MaLHKT,Diem) VALUES (633,39,'KTGK',9);
INSERT INTO CT_HOCMON(MaCTHocMon,MaQTHoc,MaLHKT,Diem) VALUES (634,39,'KTCK',9.5);
INSERT INTO CT_HOCMON(MaCTHocMon,MaQTHoc,MaLHKT,Diem) VALUES (635,39,'DM',8);
INSERT INTO CT_HOCMON(MaCTHocMon,MaQTHoc,MaLHKT,Diem) VALUES (636,39,'KT15P',9);
INSERT INTO CT_HOCMON(MaCTHocMon,MaQTHoc,MaLHKT,Diem) VALUES (637,39,'KT1T',8);
INSERT INTO CT_HOCMON(MaCTHocMon,MaQTHoc,MaLHKT,Diem) VALUES (638,39,'KTGK',9);
INSERT INTO CT_HOCMON(MaCTHocMon,MaQTHoc,MaLHKT,Diem) VALUES (639,39,'KTCK',9.5);
INSERT INTO CT_HOCMON(MaCTHocMon,MaQTHoc,MaLHKT,Diem) VALUES (640,2,'DM',10);
INSERT INTO CT_HOCMON(MaCTHocMon,MaQTHoc,MaLHKT,Diem) VALUES (641,2,'KT15P',8);
INSERT INTO CT_HOCMON(MaCTHocMon,MaQTHoc,MaLHKT,Diem) VALUES (642,2,'KT1T',9.5);
INSERT INTO CT_HOCMON(MaCTHocMon,MaQTHoc,MaLHKT,Diem) VALUES (643,2,'KTGK',8);
INSERT INTO CT_HOCMON(MaCTHocMon,MaQTHoc,MaLHKT,Diem) VALUES (644,2,'KTCK',9);
INSERT INTO CT_HOCMON(MaCTHocMon,MaQTHoc,MaLHKT,Diem) VALUES (645,3,'DM',8);
INSERT INTO CT_HOCMON(MaCTHocMon,MaQTHoc,MaLHKT,Diem) VALUES (646,3,'KT15P',10);
INSERT INTO CT_HOCMON(MaCTHocMon,MaQTHoc,MaLHKT,Diem) VALUES (647,3,'KT1T',10);
INSERT INTO CT_HOCMON(MaCTHocMon,MaQTHoc,MaLHKT,Diem) VALUES (648,3,'KTGK',10);
INSERT INTO CT_HOCMON(MaCTHocMon,MaQTHoc,MaLHKT,Diem) VALUES (649,3,'KTCK',10);
INSERT INTO CT_HOCMON(MaCTHocMon,MaQTHoc,MaLHKT,Diem) VALUES (650,4,'DM',9);
INSERT INTO CT_HOCMON(MaCTHocMon,MaQTHoc,MaLHKT,Diem) VALUES (651,4,'KT15P',8);
INSERT INTO CT_HOCMON(MaCTHocMon,MaQTHoc,MaLHKT,Diem) VALUES (652,4,'KT1T',8);
INSERT INTO CT_HOCMON(MaCTHocMon,MaQTHoc,MaLHKT,Diem) VALUES (653,4,'KTGK',8);
INSERT INTO CT_HOCMON(MaCTHocMon,MaQTHoc,MaLHKT,Diem) VALUES (654,4,'KTCK',9.5);
INSERT INTO CT_HOCMON(MaCTHocMon,MaQTHoc,MaLHKT,Diem) VALUES (655,5,'DM',10);
INSERT INTO CT_HOCMON(MaCTHocMon,MaQTHoc,MaLHKT,Diem) VALUES (656,5,'KT15P',8);
INSERT INTO CT_HOCMON(MaCTHocMon,MaQTHoc,MaLHKT,Diem) VALUES (657,5,'KT1T',9);
INSERT INTO CT_HOCMON(MaCTHocMon,MaQTHoc,MaLHKT,Diem) VALUES (658,5,'KTGK',9);
INSERT INTO CT_HOCMON(MaCTHocMon,MaQTHoc,MaLHKT,Diem) VALUES (659,5,'KTCK',9);
INSERT INTO CT_HOCMON(MaCTHocMon,MaQTHoc,MaLHKT,Diem) VALUES (660,6,'DM',10);
INSERT INTO CT_HOCMON(MaCTHocMon,MaQTHoc,MaLHKT,Diem) VALUES (661,6,'KT15P',10);
INSERT INTO CT_HOCMON(MaCTHocMon,MaQTHoc,MaLHKT,Diem) VALUES (662,6,'KT1T',10);
INSERT INTO CT_HOCMON(MaCTHocMon,MaQTHoc,MaLHKT,Diem) VALUES (663,6,'KTGK',10);
INSERT INTO CT_HOCMON(MaCTHocMon,MaQTHoc,MaLHKT,Diem) VALUES (664,6,'KTCK',9);
INSERT INTO CT_HOCMON(MaCTHocMon,MaQTHoc,MaLHKT,Diem) VALUES (665,7,'DM',10);
INSERT INTO CT_HOCMON(MaCTHocMon,MaQTHoc,MaLHKT,Diem) VALUES (666,7,'KT15P',8.5);
INSERT INTO CT_HOCMON(MaCTHocMon,MaQTHoc,MaLHKT,Diem) VALUES (667,7,'KT1T',8.5);
INSERT INTO CT_HOCMON(MaCTHocMon,MaQTHoc,MaLHKT,Diem) VALUES (668,7,'KTGK',9);
INSERT INTO CT_HOCMON(MaCTHocMon,MaQTHoc,MaLHKT,Diem) VALUES (669,7,'KTCK',10);
INSERT INTO CT_HOCMON(MaCTHocMon,MaQTHoc,MaLHKT,Diem) VALUES (675,15,'DM',9);
INSERT INTO CT_HOCMON(MaCTHocMon,MaQTHoc,MaLHKT,Diem) VALUES (676,15,'KT15P',9);
INSERT INTO CT_HOCMON(MaCTHocMon,MaQTHoc,MaLHKT,Diem) VALUES (677,15,'KT1T',8);
INSERT INTO CT_HOCMON(MaCTHocMon,MaQTHoc,MaLHKT,Diem) VALUES (678,15,'KTGK',10);
INSERT INTO CT_HOCMON(MaCTHocMon,MaQTHoc,MaLHKT,Diem) VALUES (679,15,'KTCK',10);
INSERT INTO CT_HOCMON(MaCTHocMon,MaQTHoc,MaLHKT,Diem) VALUES (680,90,'DM',10);
INSERT INTO CT_HOCMON(MaCTHocMon,MaQTHoc,MaLHKT,Diem) VALUES (681,90,'KT15P',10);
INSERT INTO CT_HOCMON(MaCTHocMon,MaQTHoc,MaLHKT,Diem) VALUES (682,90,'KT1T',10);
INSERT INTO CT_HOCMON(MaCTHocMon,MaQTHoc,MaLHKT,Diem) VALUES (683,90,'KTGK',9);
INSERT INTO CT_HOCMON(MaCTHocMon,MaQTHoc,MaLHKT,Diem) VALUES (684,90,'KTCK',10);
INSERT INTO CT_HOCMON(MaCTHocMon,MaQTHoc,MaLHKT,Diem) VALUES (685,90,'DM',10);
INSERT INTO CT_HOCMON(MaCTHocMon,MaQTHoc,MaLHKT,Diem) VALUES (686,90,'KT15P',10);
INSERT INTO CT_HOCMON(MaCTHocMon,MaQTHoc,MaLHKT,Diem) VALUES (687,90,'KT1T',10);
INSERT INTO CT_HOCMON(MaCTHocMon,MaQTHoc,MaLHKT,Diem) VALUES (688,90,'KTGK',9);
INSERT INTO CT_HOCMON(MaCTHocMon,MaQTHoc,MaLHKT,Diem) VALUES (689,90,'KTCK',10);
INSERT INTO CT_HOCMON(MaCTHocMon,MaQTHoc,MaLHKT,Diem) VALUES (690,91,'DM',10);
INSERT INTO CT_HOCMON(MaCTHocMon,MaQTHoc,MaLHKT,Diem) VALUES (691,91,'KT15P',9);
INSERT INTO CT_HOCMON(MaCTHocMon,MaQTHoc,MaLHKT,Diem) VALUES (692,91,'KT1T',9.5);
INSERT INTO CT_HOCMON(MaCTHocMon,MaQTHoc,MaLHKT,Diem) VALUES (693,91,'KTGK',9);
INSERT INTO CT_HOCMON(MaCTHocMon,MaQTHoc,MaLHKT,Diem) VALUES (694,91,'KTCK',10);
INSERT INTO CT_HOCMON(MaCTHocMon,MaQTHoc,MaLHKT,Diem) VALUES (695,91,'DM',10);
INSERT INTO CT_HOCMON(MaCTHocMon,MaQTHoc,MaLHKT,Diem) VALUES (696,91,'KT15P',9);
INSERT INTO CT_HOCMON(MaCTHocMon,MaQTHoc,MaLHKT,Diem) VALUES (697,91,'KT1T',9.5);
INSERT INTO CT_HOCMON(MaCTHocMon,MaQTHoc,MaLHKT,Diem) VALUES (698,91,'KTGK',9);
INSERT INTO CT_HOCMON(MaCTHocMon,MaQTHoc,MaLHKT,Diem) VALUES (699,91,'KTCK',10);
INSERT INTO CT_HOCMON(MaCTHocMon,MaQTHoc,MaLHKT,Diem) VALUES (700,45,'DM',10);
INSERT INTO CT_HOCMON(MaCTHocMon,MaQTHoc,MaLHKT,Diem) VALUES (701,45,'KT15P',10);
INSERT INTO CT_HOCMON(MaCTHocMon,MaQTHoc,MaLHKT,Diem) VALUES (702,45,'KT1T',10);
INSERT INTO CT_HOCMON(MaCTHocMon,MaQTHoc,MaLHKT,Diem) VALUES (703,45,'KTGK',10);
INSERT INTO CT_HOCMON(MaCTHocMon,MaQTHoc,MaLHKT,Diem) VALUES (704,45,'KTCK',10);
INSERT INTO CT_HOCMON(MaCTHocMon,MaQTHoc,MaLHKT,Diem) VALUES (705,45,'DM',10);
INSERT INTO CT_HOCMON(MaCTHocMon,MaQTHoc,MaLHKT,Diem) VALUES (706,45,'KT15P',10);
INSERT INTO CT_HOCMON(MaCTHocMon,MaQTHoc,MaLHKT,Diem) VALUES (707,45,'KT1T',10);
INSERT INTO CT_HOCMON(MaCTHocMon,MaQTHoc,MaLHKT,Diem) VALUES (708,45,'KTGK',10);
INSERT INTO CT_HOCMON(MaCTHocMon,MaQTHoc,MaLHKT,Diem) VALUES (709,45,'KTCK',10);
INSERT INTO CT_HOCMON(MaCTHocMon,MaQTHoc,MaLHKT,Diem) VALUES (710,45,'DM',10);
INSERT INTO CT_HOCMON(MaCTHocMon,MaQTHoc,MaLHKT,Diem) VALUES (711,45,'KT15P',10);
INSERT INTO CT_HOCMON(MaCTHocMon,MaQTHoc,MaLHKT,Diem) VALUES (712,45,'KT1T',10);
INSERT INTO CT_HOCMON(MaCTHocMon,MaQTHoc,MaLHKT,Diem) VALUES (713,45,'KTGK',10);
INSERT INTO CT_HOCMON(MaCTHocMon,MaQTHoc,MaLHKT,Diem) VALUES (714,45,'KTCK',10);
INSERT INTO CT_HOCMON(MaCTHocMon,MaQTHoc,MaLHKT,Diem) VALUES (735,19,'DM',10);
INSERT INTO CT_HOCMON(MaCTHocMon,MaQTHoc,MaLHKT,Diem) VALUES (736,19,'KT15P',10);
INSERT INTO CT_HOCMON(MaCTHocMon,MaQTHoc,MaLHKT,Diem) VALUES (737,19,'KT1T',10);
INSERT INTO CT_HOCMON(MaCTHocMon,MaQTHoc,MaLHKT,Diem) VALUES (738,19,'KTGK',10);
INSERT INTO CT_HOCMON(MaCTHocMon,MaQTHoc,MaLHKT,Diem) VALUES (739,19,'KTCK',10);
INSERT INTO CT_HOCMON(MaCTHocMon,MaQTHoc,MaLHKT,Diem) VALUES (740,39,'DM',8);
INSERT INTO CT_HOCMON(MaCTHocMon,MaQTHoc,MaLHKT,Diem) VALUES (741,39,'KT15P',9);
INSERT INTO CT_HOCMON(MaCTHocMon,MaQTHoc,MaLHKT,Diem) VALUES (742,39,'KT1T',8);
INSERT INTO CT_HOCMON(MaCTHocMon,MaQTHoc,MaLHKT,Diem) VALUES (743,39,'KTGK',9);
INSERT INTO CT_HOCMON(MaCTHocMon,MaQTHoc,MaLHKT,Diem) VALUES (744,39,'KTCK',9.5);
INSERT INTO CT_HOCMON(MaCTHocMon,MaQTHoc,MaLHKT,Diem) VALUES (745,40,'DM',10);
INSERT INTO CT_HOCMON(MaCTHocMon,MaQTHoc,MaLHKT,Diem) VALUES (746,40,'KT15P',9.5);
INSERT INTO CT_HOCMON(MaCTHocMon,MaQTHoc,MaLHKT,Diem) VALUES (747,40,'KT1T',10);
INSERT INTO CT_HOCMON(MaCTHocMon,MaQTHoc,MaLHKT,Diem) VALUES (748,40,'KTGK',8);
INSERT INTO CT_HOCMON(MaCTHocMon,MaQTHoc,MaLHKT,Diem) VALUES (749,40,'KTCK',10);
INSERT INTO CT_HOCMON(MaCTHocMon,MaQTHoc,MaLHKT,Diem) VALUES (750,40,'DM',10);
INSERT INTO CT_HOCMON(MaCTHocMon,MaQTHoc,MaLHKT,Diem) VALUES (751,40,'KT15P',9.5);
INSERT INTO CT_HOCMON(MaCTHocMon,MaQTHoc,MaLHKT,Diem) VALUES (752,40,'KT1T',10);
INSERT INTO CT_HOCMON(MaCTHocMon,MaQTHoc,MaLHKT,Diem) VALUES (753,40,'KTGK',8);
INSERT INTO CT_HOCMON(MaCTHocMon,MaQTHoc,MaLHKT,Diem) VALUES (754,40,'KTCK',10);
INSERT INTO CT_HOCMON(MaCTHocMon,MaQTHoc,MaLHKT,Diem) VALUES (755,2,'DM',10);
INSERT INTO CT_HOCMON(MaCTHocMon,MaQTHoc,MaLHKT,Diem) VALUES (756,2,'KT15P',8);
INSERT INTO CT_HOCMON(MaCTHocMon,MaQTHoc,MaLHKT,Diem) VALUES (757,2,'KT1T',9.5);
INSERT INTO CT_HOCMON(MaCTHocMon,MaQTHoc,MaLHKT,Diem) VALUES (758,2,'KTGK',8);
INSERT INTO CT_HOCMON(MaCTHocMon,MaQTHoc,MaLHKT,Diem) VALUES (759,2,'KTCK',9);
INSERT INTO CT_HOCMON(MaCTHocMon,MaQTHoc,MaLHKT,Diem) VALUES (760,3,'DM',8);
INSERT INTO CT_HOCMON(MaCTHocMon,MaQTHoc,MaLHKT,Diem) VALUES (761,3,'KT15P',10);
INSERT INTO CT_HOCMON(MaCTHocMon,MaQTHoc,MaLHKT,Diem) VALUES (762,3,'KT1T',10);
INSERT INTO CT_HOCMON(MaCTHocMon,MaQTHoc,MaLHKT,Diem) VALUES (763,3,'KTGK',10);
INSERT INTO CT_HOCMON(MaCTHocMon,MaQTHoc,MaLHKT,Diem) VALUES (764,3,'KTCK',10);
INSERT INTO CT_HOCMON(MaCTHocMon,MaQTHoc,MaLHKT,Diem) VALUES (765,4,'DM',9);
INSERT INTO CT_HOCMON(MaCTHocMon,MaQTHoc,MaLHKT,Diem) VALUES (766,4,'KT15P',8);
INSERT INTO CT_HOCMON(MaCTHocMon,MaQTHoc,MaLHKT,Diem) VALUES (767,4,'KT1T',8);
INSERT INTO CT_HOCMON(MaCTHocMon,MaQTHoc,MaLHKT,Diem) VALUES (768,4,'KTGK',8);
INSERT INTO CT_HOCMON(MaCTHocMon,MaQTHoc,MaLHKT,Diem) VALUES (769,4,'KTCK',9.5);
INSERT INTO CT_HOCMON(MaCTHocMon,MaQTHoc,MaLHKT,Diem) VALUES (770,5,'DM',10);
INSERT INTO CT_HOCMON(MaCTHocMon,MaQTHoc,MaLHKT,Diem) VALUES (771,5,'KT15P',8);
INSERT INTO CT_HOCMON(MaCTHocMon,MaQTHoc,MaLHKT,Diem) VALUES (772,5,'KT1T',9);
INSERT INTO CT_HOCMON(MaCTHocMon,MaQTHoc,MaLHKT,Diem) VALUES (773,5,'KTGK',9);
INSERT INTO CT_HOCMON(MaCTHocMon,MaQTHoc,MaLHKT,Diem) VALUES (774,5,'KTCK',9);
INSERT INTO CT_HOCMON(MaCTHocMon,MaQTHoc,MaLHKT,Diem) VALUES (775,6,'DM',10);
INSERT INTO CT_HOCMON(MaCTHocMon,MaQTHoc,MaLHKT,Diem) VALUES (776,6,'KT15P',10);
INSERT INTO CT_HOCMON(MaCTHocMon,MaQTHoc,MaLHKT,Diem) VALUES (777,6,'KT1T',10);
INSERT INTO CT_HOCMON(MaCTHocMon,MaQTHoc,MaLHKT,Diem) VALUES (778,6,'KTGK',10);
INSERT INTO CT_HOCMON(MaCTHocMon,MaQTHoc,MaLHKT,Diem) VALUES (779,6,'KTCK',9);
INSERT INTO CT_HOCMON(MaCTHocMon,MaQTHoc,MaLHKT,Diem) VALUES (780,7,'DM',10);
INSERT INTO CT_HOCMON(MaCTHocMon,MaQTHoc,MaLHKT,Diem) VALUES (781,7,'KT15P',8.5);
INSERT INTO CT_HOCMON(MaCTHocMon,MaQTHoc,MaLHKT,Diem) VALUES (782,7,'KT1T',8.5);
INSERT INTO CT_HOCMON(MaCTHocMon,MaQTHoc,MaLHKT,Diem) VALUES (783,7,'KTGK',9);
INSERT INTO CT_HOCMON(MaCTHocMon,MaQTHoc,MaLHKT,Diem) VALUES (784,7,'KTCK',10);
INSERT INTO CT_HOCMON(MaCTHocMon,MaQTHoc,MaLHKT,Diem) VALUES (785,45,'DM',10);
INSERT INTO CT_HOCMON(MaCTHocMon,MaQTHoc,MaLHKT,Diem) VALUES (786,45,'KT15P',10);
INSERT INTO CT_HOCMON(MaCTHocMon,MaQTHoc,MaLHKT,Diem) VALUES (787,45,'KT1T',10);
INSERT INTO CT_HOCMON(MaCTHocMon,MaQTHoc,MaLHKT,Diem) VALUES (788,45,'KTGK',10);
INSERT INTO CT_HOCMON(MaCTHocMon,MaQTHoc,MaLHKT,Diem) VALUES (789,45,'KTCK',10);
INSERT INTO CT_HOCMON(MaCTHocMon,MaQTHoc,MaLHKT,Diem) VALUES (790,15,'DM',9);
INSERT INTO CT_HOCMON(MaCTHocMon,MaQTHoc,MaLHKT,Diem) VALUES (791,15,'KT15P',9);
INSERT INTO CT_HOCMON(MaCTHocMon,MaQTHoc,MaLHKT,Diem) VALUES (792,15,'KT1T',8);
INSERT INTO CT_HOCMON(MaCTHocMon,MaQTHoc,MaLHKT,Diem) VALUES (793,15,'KTGK',10);
INSERT INTO CT_HOCMON(MaCTHocMon,MaQTHoc,MaLHKT,Diem) VALUES (794,15,'KTCK',10);

SET IDENTITY_INSERT dbo.CT_HOCMON OFF

